System,Inverter_flag,Panel_type,failure_event,Time_in_months
1,1,0,1,85
2,1,0,0,67
3,1,1,0,10
4,0,1,0,120
5,0,1,1,58
6,0,1,1,108
7,0,0,0,9
8,0,1,0,120
9,0,0,0,23
10,0,1,0,18
11,1,0,0,48
12,1,0,0,31
13,0,1,0,120
14,0,1,0,103
15,0,1,0,104
16,0,0,0,35
17,0,0,0,7
18,0,0,0,39
19,0,0,0,7
20,0,1,0,46
21,0,1,0,120
22,0,1,0,120
23,1,1,1,50
24,0,1,0,18
25,0,1,1,86
26,1,0,0,36
27,1,0,0,12
28,0,0,0,9
29,1,0,0,51
30,1,0,0,60
31,1,0,0,19
32,1,0,1,77
33,1,0,1,85
34,0,0,1,46
35,0,1,0,120
36,0,1,0,120
37,1,0,0,65
38,0,1,0,120
39,0,0,0,105
40,1,0,0,33
41,0,1,1,86
42,1,0,1,79
43,0,1,0,120
44,1,1,1,92
45,0,1,0,14
46,1,1,0,40
47,1,0,0,51
48,1,0,0,61
49,0,1,0,120
50,0,1,1,102
51,0,1,1,86
52,0,1,1,68
53,0,1,1,11
54,1,1,1,101
55,0,1,0,120
56,0,0,0,36
57,0,1,1,0
58,1,1,0,58
59,0,1,1,50
60,0,1,1,28
61,1,0,0,20
62,0,1,1,21
63,1,1,0,60
64,0,1,1,35
65,0,0,1,45
66,1,0,0,30
67,1,0,0,3
68,1,0,1,107
69,1,0,0,32
70,1,0,0,65
71,1,1,0,91
72,1,1,0,13
73,1,0,0,27
74,0,1,1,62
75,0,0,1,11
76,1,0,0,56
77,0,1,1,39
78,0,1,1,25
79,1,0,1,110
80,1,0,0,7
81,0,1,1,12
82,1,0,1,77
83,0,1,1,117
84,0,0,0,85
85,1,1,0,66
86,1,1,0,30
87,1,0,0,10
88,1,1,0,28
89,0,1,1,108
90,0,1,1,45
91,0,0,1,42
92,0,0,1,23
93,1,1,1,109
94,0,0,1,57
95,1,0,0,56
96,0,1,1,94
97,1,0,1,107
98,1,0,1,114
99,1,1,0,36
100,0,0,1,49
101,0,0,1,55
102,1,0,1,75
103,0,1,1,79
104,1,1,0,46
105,1,0,0,48
106,0,0,1,78
107,0,1,1,23
108,1,1,0,7
109,0,1,1,23
110,0,1,1,5
111,1,1,1,115
112,0,1,1,13
113,1,1,1,115
114,0,0,1,29
115,0,1,1,85
116,1,0,1,105
117,0,1,1,14
118,0,1,1,66
119,0,1,1,43
120,1,0,1,84
121,1,1,0,17
122,1,1,0,86
123,1,0,0,20
124,0,1,1,115
125,0,0,1,58
126,1,0,0,21
127,0,1,1,94
128,0,1,1,75
129,1,0,0,50
130,1,0,0,17
131,0,1,1,60
132,1,0,0,19
133,0,0,1,49
134,0,1,1,106
135,1,1,1,105
136,1,1,1,110
137,1,0,0,27
138,1,1,0,76
139,0,0,1,47
140,1,0,0,37
141,0,0,1,59
142,0,0,1,54
143,1,1,0,47
144,0,0,0,8
145,0,1,1,97
146,1,0,0,64
147,1,0,0,11
148,1,0,0,49
149,1,1,0,48
150,0,1,1,13
151,0,0,1,47
152,1,0,0,52
153,0,1,1,72
154,1,1,0,75
155,1,0,0,64
156,0,0,1,52
157,0,1,1,111
158,1,1,0,48
159,0,1,1,34
160,0,1,1,42
161,1,0,0,20
162,0,1,1,45
163,1,1,1,101
164,0,1,1,26
165,0,0,1,63
166,1,0,1,78
167,0,1,1,19
168,1,0,0,32
169,0,1,1,115
170,1,0,0,28
171,1,1,0,26
172,1,1,0,5
173,1,0,0,41
174,0,1,1,94
175,0,0,1,15
176,1,0,1,119
177,1,0,1,94
178,0,1,1,119
179,1,0,0,0
180,1,0,0,26
181,1,0,0,48
182,0,0,1,57
183,0,0,1,56
184,0,0,1,22
185,1,1,0,74
186,1,1,0,68
187,0,1,1,89
188,1,1,0,2
189,0,0,1,43
190,1,0,0,43
191,0,0,1,50
192,0,0,1,27
193,1,1,0,48
194,0,1,1,12
195,0,1,1,76
196,1,0,1,72
197,1,0,0,25
198,1,0,0,10
199,1,1,0,33
200,0,0,1,51
201,0,0,1,76
202,1,0,1,84
203,0,1,1,53
204,1,1,0,50
205,1,0,0,25
206,0,0,1,77
207,0,1,1,73
208,1,1,0,68
209,0,1,1,72
210,1,0,0,47
211,1,0,1,93
212,1,0,1,71
213,1,1,1,116
214,0,0,1,47
215,0,0,1,47
216,1,0,0,42
217,0,1,1,32
218,1,0,1,86
219,0,1,1,70
220,1,1,1,64
221,1,1,0,5
222,1,1,0,32
223,1,0,0,27
224,1,0,0,55
225,0,0,1,6
226,1,0,1,73
227,0,1,1,42
228,0,1,1,67
229,1,0,0,46
230,1,0,1,81
231,0,1,1,115
232,0,0,1,59
233,0,0,1,13
234,0,0,1,44
235,1,1,0,79
236,1,1,0,47
237,1,0,0,9
238,1,1,0,58
239,0,0,0,104
240,1,0,1,114
241,0,0,1,27
242,0,0,1,19
243,1,1,0,25
244,0,0,1,45
245,0,1,1,71
246,1,0,0,61
247,1,0,0,50
248,1,0,0,70
249,1,1,0,2
250,0,1,1,64
251,0,0,1,56
252,1,0,0,50
253,1,0,1,105
254,1,1,0,91
255,1,0,0,8
256,1,1,1,111
257,0,1,1,45
258,1,1,1,99
259,0,1,1,13
260,0,1,1,32
261,1,0,1,82
262,1,0,0,27
263,1,1,0,78
264,0,0,1,77
265,0,0,0,24
266,1,0,1,71
267,0,1,1,81
268,1,0,0,60
269,0,1,1,86
270,1,0,0,58
271,1,1,0,93
272,1,1,0,58
273,1,0,0,31
274,0,1,1,59
275,0,0,1,76
276,0,1,1,21
277,0,1,1,111
278,0,1,1,92
279,1,0,0,21
280,1,0,1,83
281,0,1,1,55
282,0,0,1,28
283,0,0,1,12
284,0,0,1,18
285,1,1,0,41
286,1,1,0,0
287,1,0,1,106
288,1,1,0,20
289,0,0,1,54
290,1,0,0,1
291,0,0,1,54
292,0,0,1,51
293,1,1,0,80
294,0,0,1,59
295,0,1,1,47
296,1,0,0,52
297,1,0,1,84
298,1,0,0,65
299,1,1,0,71
300,0,0,1,49
301,0,0,1,61
302,1,0,1,79
303,0,1,1,80
304,1,1,0,5
305,1,0,1,115
306,0,0,1,76
307,1,0,0,70
308,1,1,0,33
309,1,0,0,42
310,0,1,1,33
311,1,0,1,87
312,1,0,1,92
313,1,1,1,103
314,0,0,0,17
315,0,0,1,6
316,0,1,1,11
317,0,1,1,32
318,1,0,1,74
319,0,1,1,60
320,1,0,1,100
321,1,1,0,13
322,1,1,1,105
323,1,0,1,107
324,0,1,1,116
325,0,1,1,34
326,1,0,0,15
327,0,1,1,46
328,1,0,1,88
329,1,0,0,1
330,1,0,0,28
331,0,1,1,66
332,0,0,1,68
333,0,0,1,37
334,0,1,1,12
335,1,1,0,63
336,1,1,0,4
337,1,0,0,30
338,1,1,1,110
339,0,0,1,45
340,1,0,0,22
341,0,1,1,29
342,1,0,0,19
343,1,1,0,91
344,0,0,1,53
345,0,1,1,20
346,1,0,0,10
347,1,0,1,86
348,1,0,0,7
349,1,1,0,66
350,0,0,1,56
351,0,1,1,26
352,1,0,0,23
353,0,1,1,119
354,0,1,0,39
355,1,0,0,27
356,0,0,1,11
357,0,1,1,18
358,0,1,0,14
359,0,1,1,109
360,0,1,1,78
361,1,0,0,11
362,1,0,0,62
363,0,1,0,108
364,0,0,1,27
365,0,0,1,36
366,1,0,1,111
367,0,1,1,45
368,1,0,1,82
369,0,1,1,8
370,1,0,0,70
371,0,1,0,66
372,0,1,0,116
373,1,0,0,59
374,0,1,1,66
375,0,0,1,75
376,1,0,1,104
377,0,1,1,110
378,0,1,1,9
379,1,0,0,48
380,1,0,0,5
381,0,1,1,51
382,0,0,1,19
383,0,1,1,95
384,0,0,1,52
385,0,1,0,82
386,0,1,0,105
387,1,0,0,1
388,0,1,0,11
389,0,0,1,53
390,1,0,0,50
391,0,0,1,61
392,0,1,1,35
393,0,1,0,85
394,0,1,1,29
395,0,1,1,114
396,1,0,0,10
397,1,0,0,33
398,0,1,1,36
399,0,1,0,86
400,0,0,0,119
401,0,0,1,53
402,1,0,1,104
403,0,1,1,108
404,1,1,1,119
405,1,0,0,40
406,0,0,1,21
407,0,1,1,64
408,1,1,1,108
409,0,1,1,0
410,0,1,1,46
411,1,0,0,8
412,1,0,1,102
413,1,1,0,22
414,0,0,1,54
415,0,0,1,67
416,1,0,0,17
417,1,0,1,76
418,1,0,0,41
419,1,0,0,6
420,1,0,0,27
421,1,1,0,14
422,1,1,1,110
423,1,0,1,109
424,0,1,1,72
425,0,0,0,42
426,1,0,0,45
427,0,1,1,27
428,0,1,1,87
429,0,1,0,56
430,0,1,1,87
431,0,1,1,11
432,1,0,0,51
433,0,0,1,30
434,0,0,1,59
435,1,1,0,34
436,1,1,0,44
437,1,0,1,96
438,1,1,1,115
439,1,1,1,45
440,0,1,1,39
441,0,0,0,31
442,0,0,1,48
443,1,1,0,2
444,0,0,1,54
445,1,0,0,31
446,1,0,0,60
447,0,1,0,74
448,1,0,1,95
449,1,1,0,21
450,0,0,1,52
451,0,0,0,98
452,1,0,1,83
453,0,1,1,76
454,1,1,0,7
455,1,0,0,24
456,0,0,1,56
457,0,1,1,53
458,1,1,0,7
459,0,1,1,28
460,0,1,1,42
461,1,0,1,95
462,1,0,1,83
463,1,1,0,28
464,0,0,1,47
465,1,1,1,18
466,1,0,1,114
467,0,1,1,12
468,1,0,0,70
469,0,1,1,41
470,1,0,0,51
471,1,1,0,40
472,1,1,0,86
473,0,1,0,42
474,0,1,1,60
475,0,1,1,15
476,1,0,1,85
477,0,1,1,89
478,0,1,1,110
479,1,0,0,32
480,1,0,0,4
481,0,1,1,120
482,0,1,1,120
483,0,0,0,113
484,0,0,1,33
485,1,1,0,57
486,1,1,0,20
487,1,0,1,86
488,1,1,0,5
489,0,0,1,17
490,1,0,1,98
491,0,1,1,120
492,0,0,1,58
493,1,1,0,94
494,0,0,1,60
495,0,1,1,120
496,1,0,1,120
497,1,0,0,25
498,1,0,1,95
499,1,1,0,80
500,0,0,1,46
501,0,1,1,5
502,0,1,1,120
503,0,1,1,2
504,1,1,0,16
505,0,1,1,11
506,0,0,1,60
507,0,1,1,120
508,1,1,0,27
509,0,1,1,120
510,0,1,1,31
511,1,0,0,31
512,0,1,1,120
513,1,1,0,31
514,1,1,1,106
515,0,0,1,10
516,1,0,1,120
517,0,1,1,120
518,1,0,0,58
519,0,1,1,50
520,1,0,1,93
521,1,1,1,114
522,1,1,0,80
523,1,0,1,73
524,0,1,1,120
525,0,0,1,61
526,1,0,1,120
527,1,0,0,12
528,0,1,1,17
529,1,0,1,120
530,1,0,1,120
531,1,0,0,63
532,0,0,1,60
533,0,1,1,95
534,0,0,1,41
535,1,1,0,77
536,1,1,0,33
537,1,0,1,75
538,1,1,0,35
539,0,0,1,57
540,1,0,0,43
541,0,0,1,48
542,0,0,1,44
543,1,1,1,118
544,0,0,1,51
545,0,1,1,24
546,1,1,1,50
547,1,0,0,61
548,1,0,1,71
549,1,1,0,56
550,0,0,1,56
551,0,0,1,48
552,1,0,1,78
553,0,1,1,21
554,1,1,0,29
555,1,0,0,69
556,0,0,1,59
557,0,1,1,20
558,1,1,0,82
559,0,1,1,34
560,1,0,0,29
561,0,1,0,59
562,1,0,0,42
563,1,1,0,23
564,0,0,1,57
565,0,0,1,57
566,1,0,0,46
567,0,1,1,18
568,1,1,1,50
569,0,1,1,18
570,1,0,0,57
571,1,1,0,24
572,1,1,0,27
573,1,0,0,61
574,1,0,0,29
575,0,0,1,48
576,1,0,0,47
577,0,1,1,23
578,0,1,1,20
579,1,0,0,62
580,1,0,1,71
581,0,1,1,30
582,0,0,1,44
583,0,0,1,48
584,0,1,1,104
585,1,1,0,75
586,1,1,0,49
587,1,0,1,76
588,1,1,0,58
589,0,0,1,58
590,1,0,0,44
591,0,0,1,48
592,0,0,1,45
593,1,1,0,15
594,0,0,1,51
595,0,1,1,25
596,1,0,0,51
597,1,0,0,62
598,1,0,1,72
599,1,1,0,15
600,1,1,1,113
601,0,0,1,48
602,1,0,1,79
603,1,0,0,22
604,1,1,0,50
605,1,0,0,70
606,0,1,0,120
607,0,1,1,21
608,1,1,0,59
609,1,0,0,35
610,0,1,1,30
611,1,0,0,60
612,1,0,0,43
613,1,1,0,40
614,0,0,1,57
615,0,0,1,58
616,1,0,0,47
617,0,1,1,19
618,1,0,0,51
619,0,1,1,19
620,1,0,0,58
621,1,1,0,50
622,1,1,0,47
623,1,0,0,62
624,0,1,1,30
625,0,0,1,49
626,1,0,0,48
627,0,1,1,24
628,0,1,1,21
629,1,0,0,63
630,1,0,1,72
631,0,1,1,31
632,0,0,1,44
633,0,0,1,48
634,0,0,1,52
635,1,1,0,63
636,1,1,0,54
637,0,1,1,77
638,1,1,0,75
639,0,0,1,58
640,1,0,0,45
641,0,0,1,49
642,0,0,1,45
643,1,1,0,37
644,0,1,1,104
645,0,1,1,26
646,1,0,0,52
647,1,0,0,63
648,1,0,1,73
649,1,1,0,90
650,0,0,1,57
651,0,0,1,49
652,0,0,1,80
653,0,1,1,23
654,1,1,0,53
655,1,0,1,71
656,1,1,0,33
657,1,0,0,22
658,1,1,1,100
659,1,0,0,36
660,0,1,1,31
661,1,0,0,61
662,1,0,0,44
663,1,1,0,30
664,0,0,1,58
665,0,0,1,58
666,1,0,0,48
667,0,1,1,20
668,1,0,0,52
669,0,1,1,20
670,0,1,0,59
671,1,1,0,0
672,1,1,0,77
673,1,0,0,63
674,0,1,1,31
675,0,1,1,99
676,1,0,0,49
677,0,1,1,25
678,1,0,0,22
679,1,0,0,64
680,1,0,1,73
681,0,1,1,32
682,0,0,1,45
683,0,0,1,49
684,0,1,1,106
685,1,1,0,93
686,1,1,0,42
687,1,0,1,78
688,1,1,0,60
689,0,0,1,59
690,1,0,0,46
691,0,1,1,99
692,0,1,1,92
693,1,1,0,51
694,0,0,1,52
695,0,1,1,27
696,1,0,0,53
697,1,0,0,64
698,1,0,1,74
699,1,1,0,15
700,0,0,1,57
701,0,1,1,99
702,0,0,1,40
703,0,1,1,24
704,0,1,0,120
705,1,0,1,72
706,1,1,1,105
707,0,1,1,23
708,0,1,0,120
709,1,0,0,37
710,0,1,1,32
711,1,0,0,62
712,1,0,0,45
713,0,1,0,120
714,0,0,1,58
715,0,0,1,59
716,1,0,0,49
717,0,1,1,21
718,1,0,0,53
719,0,1,1,21
720,1,0,0,60
721,0,1,0,120
722,0,1,0,120
723,1,0,0,64
724,0,1,1,32
725,0,0,1,50
726,1,1,1,50
727,0,1,1,26
728,0,1,1,23
729,1,0,0,65
730,1,0,1,74
731,0,1,1,33
732,0,0,1,45
733,0,1,1,99
734,0,0,1,53
735,0,1,0,120
736,0,1,0,120
737,1,0,1,79
738,0,1,0,120
739,0,0,1,59
740,1,0,0,47
741,0,0,1,50
742,0,0,1,46
743,0,1,0,120
744,0,1,1,106
745,0,1,1,28
746,1,0,0,54
747,1,0,0,65
748,1,0,1,75
749,0,1,0,120
750,0,0,1,58
751,0,0,1,50
752,0,0,1,41
753,0,1,1,25
754,1,1,0,29
755,1,0,1,73
756,1,1,0,57
757,0,1,1,24
758,1,1,0,5
759,1,0,0,38
760,0,1,1,33
761,1,0,0,63
762,1,0,0,46
763,1,1,0,27
764,0,0,1,59
765,0,0,1,59
766,1,1,1,50
767,1,0,0,22
768,1,0,0,54
769,1,0,0,22
770,1,0,0,61
771,1,1,0,50
772,1,1,0,43
773,1,0,0,65
774,0,1,1,33
775,0,0,1,50
776,1,0,0,51
777,0,1,1,27
778,0,1,1,24
779,1,0,0,66
780,1,0,1,75
781,0,1,1,34
782,0,1,1,92
783,0,0,1,50
784,0,0,1,54
785,1,1,0,31
786,1,1,1,109
787,0,0,1,80
788,1,1,0,88
789,0,1,0,120
790,1,0,0,48
791,0,0,1,50
792,0,0,0,94
793,1,1,0,61
794,0,0,1,53
795,1,0,0,29
796,1,0,0,55
797,1,0,0,66
798,1,0,1,76
799,1,1,0,83
800,0,0,1,58
801,0,0,1,50
802,0,0,1,41
803,0,1,1,26
804,1,1,1,104
805,1,0,1,74
806,1,1,0,22
807,0,1,1,25
808,1,1,0,84
809,1,0,0,39
810,0,1,1,34
811,1,0,0,64
812,1,0,0,47
813,1,1,0,23
814,0,0,1,59
815,0,1,0,120
816,1,0,0,51
817,0,1,1,23
818,1,0,0,55
819,0,1,1,23
820,1,0,0,62
821,1,1,0,93
822,1,1,0,12
823,1,0,0,66
824,0,1,1,34
825,0,0,1,51
826,1,0,0,52
827,0,1,1,28
828,0,1,1,25
829,1,0,0,67
830,1,0,1,76
831,1,0,0,35
832,0,0,1,46
833,0,0,1,50
834,0,0,0,109
835,1,1,0,79
836,1,1,0,13
837,0,0,1,40
838,1,1,1,117
839,1,1,0,72
840,1,0,0,49
841,0,0,1,51
842,0,1,1,95
843,1,1,0,30
844,0,0,1,54
845,0,1,1,30
846,1,0,0,56
847,1,0,0,67
848,0,1,1,77
849,1,1,1,112
850,0,0,1,59
851,0,0,1,51
852,0,0,1,42
853,0,1,1,27
854,1,1,0,5
855,1,0,1,75
856,1,1,0,62
857,0,1,1,26
858,1,1,0,64
859,1,0,0,40
860,1,0,0,35
861,1,0,0,65
862,1,0,0,48
863,1,1,0,34
864,0,1,0,120
865,1,1,0,60
866,1,0,0,52
867,0,1,1,24
868,1,0,0,56
869,0,1,1,24
870,1,0,0,63
871,1,1,0,64
872,1,1,0,92
873,1,0,0,67
874,1,0,0,35
875,0,0,1,51
876,1,0,0,53
877,1,0,0,29
878,0,1,1,26
879,0,1,1,68
880,0,1,1,77
881,1,0,0,36
882,0,0,0,94
883,0,0,1,51
884,0,0,1,55
885,1,1,0,56
886,1,1,1,104
887,0,0,1,41
888,1,1,1,117
889,1,1,0,53
890,1,1,1,50
891,0,0,1,51
892,0,0,1,48
893,1,1,1,117
894,0,0,0,109
895,0,1,1,31
896,1,0,0,57
897,0,1,1,68
898,1,0,1,78
899,1,1,0,74
900,0,0,1,59
901,0,0,1,51
902,1,0,1,85
903,0,1,1,28
904,1,1,0,70
905,1,0,1,76
906,1,1,0,15
907,0,1,1,27
908,1,1,0,13
909,0,1,1,41
910,1,0,0,36
911,1,0,0,66
912,1,0,0,49
913,1,1,0,15
914,1,1,0,30
915,1,1,0,56
916,1,0,0,53
917,0,1,1,25
918,1,0,0,57
919,0,1,1,25
920,1,0,0,64
921,1,1,0,41
922,1,1,0,20
923,0,1,1,68
924,1,0,0,36
925,0,1,1,104
926,1,0,0,54
927,0,1,1,30
928,0,1,1,27
929,1,0,0,69
930,1,0,1,78
931,1,0,0,37
932,0,1,1,95
933,0,0,1,51
934,0,0,1,55
935,1,1,0,16
936,1,1,0,90
937,0,0,1,41
938,1,1,0,64
939,1,1,0,20
940,1,0,0,51
941,0,1,1,104
942,0,0,1,48
943,1,1,0,60
944,0,0,1,55
945,0,1,1,32
946,1,0,0,58
947,1,0,0,69
948,1,0,1,79
949,1,1,0,69
950,0,1,0,120
951,0,1,1,104
952,0,1,1,86
953,1,0,0,29
954,1,1,0,60
955,0,1,1,77
956,0,1,0,120
957,0,1,1,28
958,1,1,1,115
959,1,0,0,42
960,1,0,0,37
961,1,0,0,67
962,1,1,1,50
963,1,1,0,89
964,1,1,0,2
965,1,1,1,97
966,1,0,0,54
967,0,1,1,26
968,1,0,0,58
969,0,1,1,26
970,1,0,0,65
971,1,1,1,109
972,1,1,0,74
973,1,0,0,69
974,1,0,0,37
975,0,0,1,52
976,1,0,0,55
977,0,1,1,31
978,0,1,1,28
979,1,0,0,70
980,1,0,1,79
981,1,0,0,38
982,0,0,1,48
983,0,1,1,104
984,0,0,1,56
985,1,1,0,71
986,1,1,0,48
987,0,0,1,42
988,1,1,1,107
989,1,1,0,60
990,1,0,0,52
991,0,0,1,52
992,0,0,1,49
993,1,1,0,72
994,0,0,1,55
995,0,1,1,33
996,0,1,0,59
997,1,0,0,70
998,0,0,1,80
999,1,1,0,24
1000,1,1,0,85
1001,0,0,1,52
1002,0,0,1,43
1003,0,1,1,30
1004,1,1,0,7
1005,1,0,1,78
1006,1,1,0,11
1007,1,0,0,29
1008,1,1,0,9
1009,1,0,0,43
1010,1,0,0,38
1011,0,1,1,68
1012,1,0,0,51
1013,1,1,1,104
1014,1,1,0,2
1015,1,1,0,3
1016,1,0,0,55
1017,0,1,1,27
1018,0,1,0,59
1019,0,1,1,27
1020,1,0,0,66
1021,1,1,0,32
1022,1,1,0,31
1023,1,0,0,70
1024,1,0,0,38
1025,0,1,1,106
1026,1,0,0,56
1027,0,1,1,32
1028,1,0,0,29
1029,1,0,1,71
1030,0,0,1,80
1031,1,0,0,39
1032,0,0,1,48
1033,0,0,1,52
1034,1,1,1,113
1035,1,1,0,15
1036,1,1,0,13
1037,1,0,1,85
1038,1,1,0,34
1039,1,1,0,30
1040,1,0,0,53
1041,0,1,1,106
1042,0,1,1,99
1043,1,1,1,110
1044,0,0,1,56
1045,0,1,1,34
1046,1,0,0,60
1047,1,0,1,71
1048,0,0,1,40
1049,1,1,1,105
1050,1,1,0,33
1051,0,1,1,106
1052,0,0,1,44
1053,0,1,1,31
1054,0,1,0,120
1055,1,0,1,79
1056,1,1,0,96
1057,0,1,1,30
1058,0,1,0,120
1059,1,0,0,44
1060,1,0,0,39
1061,1,0,0,69
1062,1,0,0,52
1063,0,1,0,120
1064,1,1,1,118
1065,1,1,1,117
1066,1,0,0,56
1067,0,1,1,28
1068,1,0,0,60
1069,0,1,1,28
1070,1,0,0,67
1071,0,1,0,120
1072,0,1,0,120
1073,1,0,1,71
1074,1,0,0,39
1075,0,0,1,53
1076,1,0,0,57
1077,0,1,1,33
1078,0,1,1,30
1079,1,0,1,72
1080,0,0,1,40
1081,1,0,0,40
1082,0,0,1,49
1083,0,1,1,106
1084,0,0,1,57
1085,0,1,0,120
1086,0,1,0,120
1087,0,1,1,86
1088,0,1,0,120
1089,1,1,1,112
1090,1,0,0,54
1091,0,0,1,53
1092,0,0,1,50
1093,0,1,0,120
1094,1,1,1,113
1095,1,0,0,35
1096,1,0,0,61
1097,1,0,1,72
1098,0,0,1,41
1099,0,1,0,120
1100,1,1,0,80
1101,0,0,1,53
1102,0,0,1,44
1103,0,1,1,32
1104,1,1,0,34
1105,0,0,1,80
1106,1,1,0,88
1107,0,1,1,31
1108,1,1,1,98
1109,1,0,0,45
1110,1,0,0,40
1111,1,0,0,70
1112,1,0,0,53
1113,1,1,0,66
1114,1,1,0,57
1115,1,1,1,114
1116,1,0,0,57
1117,1,0,0,29
1118,1,0,0,61
1119,1,0,0,29
1120,0,1,1,68
1121,1,1,0,26
1122,1,1,0,70
1123,1,0,1,72
1124,1,0,0,40
1125,0,0,1,54
1126,1,0,0,58
1127,0,1,1,34
1128,0,1,1,31
1129,1,0,1,73
1130,0,0,1,41
1131,0,1,1,41
1132,0,1,1,99
1133,0,0,1,53
1134,0,0,1,57
1135,1,1,1,101
1136,1,1,1,115
1137,0,0,1,43
1138,1,1,0,40
1139,0,1,0,120
1140,1,0,0,55
1141,0,0,1,54
1142,0,0,1,50
1143,1,1,0,45
1144,0,0,1,57
1145,1,0,0,36
1146,1,0,0,62
1147,1,0,1,73
1148,0,0,1,41
1149,1,1,0,46
1150,1,1,1,104
1151,0,0,1,54
1152,0,0,1,45
1153,0,1,1,33
1154,1,1,1,104
1155,0,0,1,40
1156,1,1,0,48
1157,0,1,1,32
1158,1,1,0,47
1159,1,0,0,46
1160,0,1,1,41
1161,1,0,1,71
1162,1,0,0,54
1163,1,1,0,57
1164,1,1,0,87
1165,0,1,0,120
1166,1,0,0,58
1167,0,1,1,30
1168,1,0,0,62
1169,0,1,1,30
1170,1,0,0,69
1171,1,1,0,47
1172,1,1,0,11
1173,1,0,1,73
1174,0,1,1,41
1175,0,0,0,109
1176,0,1,0,59
1177,1,0,0,35
1178,0,1,1,32
1179,1,0,1,74
1180,0,0,1,41
1181,1,0,0,42
1182,0,0,1,50
1183,0,0,1,54
1184,0,0,1,58
1185,1,1,0,47
1186,1,1,0,79
1187,0,0,1,44
1188,1,1,0,28
1189,1,1,0,9
1190,1,0,0,56
1191,0,0,0,109
1192,0,0,1,51
1193,1,1,0,6
1194,0,0,1,57
1195,1,0,0,37
1196,1,0,0,63
1197,1,0,1,74
1198,0,0,1,42
1199,1,1,0,13
1200,1,1,0,52
1201,0,0,0,109
1202,0,0,1,45
1203,0,1,1,34
1204,1,1,0,65
1205,0,0,1,41
1206,1,1,0,35
1207,0,1,1,33
1208,1,1,0,92
1209,1,0,0,47
1210,1,0,0,42
1211,1,0,1,72
1212,1,0,0,55
1213,1,1,1,106
1214,0,1,0,120
1215,1,1,0,33
1216,0,1,0,59
1217,0,1,1,31
1218,1,0,0,63
1219,0,1,1,31
1220,1,0,0,70
1221,1,1,1,119
1222,1,1,1,106
1223,1,0,1,74
1224,1,0,0,42
1225,0,0,1,55
1226,1,0,0,60
1227,1,0,0,36
1228,0,1,1,33
1229,1,0,1,75
1230,0,0,1,42
1231,1,0,0,43
1232,0,0,1,50
1233,0,0,0,109
1234,0,0,1,58
1235,1,1,0,47
1236,1,1,0,73
1237,0,0,1,44
1238,1,1,1,108
1239,1,1,1,113
1240,1,0,0,57
1241,0,0,1,55
1242,0,0,1,51
1243,1,1,1,105
1244,0,0,1,58
1245,1,0,0,38
1246,1,0,0,64
1247,1,0,1,75
1248,1,0,1,85
1249,1,1,1,110
1250,1,1,0,79
1251,0,0,1,55
1252,0,1,1,92
1253,1,0,0,35
1254,1,1,0,84
1255,0,0,1,41
1256,1,1,0,87
1257,0,1,1,34
1258,1,1,0,0
1259,1,0,0,48
1260,1,0,0,43
1261,1,0,1,73
1262,1,0,0,56
1263,1,1,0,36
1264,1,1,0,9
1265,1,1,0,46
1266,1,0,0,60
1267,0,1,1,32
1268,1,0,0,64
1269,0,1,1,32
1270,1,0,1,71
1271,1,1,0,90
1272,1,1,0,53
1273,1,0,1,75
1274,1,0,0,43
1275,0,0,1,55
1276,1,0,0,61
1277,1,0,0,37
1278,0,1,1,34
1279,1,0,1,76
1280,1,0,1,85
1281,1,0,0,44
1282,0,0,1,51
1283,0,0,1,55
1284,0,0,1,59
1285,1,1,0,11
1286,1,1,0,41
1287,0,0,1,45
1288,1,1,0,57
1289,1,1,0,23
1290,1,0,0,58
1291,0,0,1,55
1292,0,1,1,104
1293,1,1,0,74
1294,0,0,1,58
1295,1,0,0,39
1296,1,0,0,65
1297,1,0,1,76
1298,0,1,1,86
1299,1,1,0,12
1300,0,1,0,120
1301,0,0,1,55
1302,0,0,1,46
1303,1,0,0,36
1304,1,1,0,54
1305,0,0,1,42
1306,0,1,0,120
1307,1,0,0,35
1308,1,1,1,118
1309,1,0,0,49
1310,1,0,0,44
1311,1,0,1,74
1312,1,0,0,57
1313,1,1,0,74
1314,1,1,0,8
1315,1,1,0,76
1316,1,0,0,61
1317,0,1,1,33
1318,1,0,0,65
1319,0,1,1,33
1320,1,0,1,72
1321,1,1,0,73
1322,1,1,1,109
1323,1,0,1,76
1324,1,0,0,44
1325,0,0,1,56
1326,1,0,0,62
1327,1,0,0,38
1328,1,0,0,35
1329,0,1,1,77
1330,0,1,1,86
1331,1,0,0,45
1332,0,0,1,51
1333,0,0,1,55
1334,0,0,1,59
1335,1,1,0,60
1336,1,1,0,57
1337,0,0,1,45
1338,1,1,0,5
1339,1,1,0,59
1340,0,1,0,59
1341,0,0,1,56
1342,0,0,1,52
1343,1,1,0,27
1344,0,0,1,59
1345,1,0,0,40
1346,1,0,0,66
1347,0,1,1,77
1348,0,0,1,43
1349,1,1,0,62
1350,1,1,0,71
1351,0,0,1,56
1352,0,0,0,94
1353,1,0,0,37
1354,1,1,0,28
1355,1,0,1,85
1356,1,1,0,10
1357,1,0,0,36
1358,1,1,1,99
1359,1,1,1,50
1360,1,0,0,45
1361,1,0,1,75
1362,1,0,0,58
1363,1,1,0,51
1364,1,1,0,65
1365,1,1,0,68
1366,1,0,0,62
1367,0,1,1,34
1368,1,0,0,66
1369,0,1,1,34
1370,1,0,1,73
1371,1,1,0,63
1372,1,1,0,76
1373,0,1,1,77
1374,1,0,0,45
1375,1,1,1,113
1376,1,0,0,63
1377,1,0,0,39
1378,1,0,0,36
1379,1,0,1,78
1380,0,0,1,43
1381,1,0,0,46
1382,0,1,1,104
1383,0,0,1,56
1384,0,1,0,120
1385,1,1,1,110
1386,1,1,0,58
1387,0,1,1,92
1388,1,1,0,91
1389,1,1,0,89
1390,1,0,0,60
1391,1,1,1,113
1392,0,1,1,106
1393,1,1,0,66
1394,0,0,1,59
1395,0,1,1,41
1396,1,0,0,67
1397,1,0,1,78
1398,0,0,1,44
1399,1,1,0,14
1400,1,1,0,67
1401,1,1,1,113
1402,0,1,1,95
1403,1,0,0,38
1404,0,1,0,120
1405,0,1,1,86
1406,1,1,0,47
1407,1,0,0,37
1408,0,1,0,120
1409,1,0,0,51
1410,1,0,0,46
1411,1,0,1,76
1412,0,1,0,59
1413,0,1,0,120
1414,1,1,0,6
1415,1,1,0,70
1416,1,0,0,63
1417,1,0,0,35
1418,1,0,0,67
1419,1,0,0,35
1420,1,0,1,74
1421,0,1,0,120
1422,0,1,0,120
1423,1,0,1,78
1424,1,0,0,46
1425,0,0,1,57
1426,1,0,0,64
1427,1,0,0,40
1428,1,0,0,37
1429,1,0,1,79
1430,0,0,1,44
1431,1,0,0,47
1432,0,0,1,52
1433,1,1,1,113
1434,1,1,0,9
1435,0,1,0,120
1436,0,1,0,120
1437,0,0,1,46
1438,0,1,0,120
1439,1,1,0,58
1440,1,0,0,61
1441,0,0,1,57
1442,0,0,1,53
1443,0,1,0,120
1444,0,1,0,120
1445,1,0,0,42
1446,0,1,1,68
1447,1,0,1,79
1448,0,0,1,44
1449,0,1,0,120
1450,1,1,0,83
1451,0,0,1,57
1452,0,0,1,48
1453,1,0,0,39
1454,1,1,1,116
1455,0,0,1,43
1456,1,1,0,62
1457,1,0,0,38
1458,1,1,0,33
1459,1,0,0,52
1460,1,0,0,47
1461,0,1,1,77
1462,1,0,0,60
1463,1,1,0,89
1464,1,1,0,16
1465,1,1,1,99
1466,1,0,0,64
1467,1,0,0,36
1468,0,1,1,68
1469,1,0,0,36
1470,1,0,1,75
1471,1,1,0,86
1472,1,1,1,100
1473,1,0,1,79
1474,1,0,0,47
1475,0,0,1,57
1476,1,0,0,65
1477,0,1,1,41
1478,1,0,0,38
1479,0,0,1,80
1480,0,0,1,44
1481,1,0,0,48
1482,0,1,1,106
1483,0,0,1,57
1484,1,1,0,70
1485,1,1,0,66
1486,1,1,0,6
1487,0,0,0,94
1488,1,1,0,46
1489,0,1,0,120
1490,1,0,0,62
1491,0,0,1,57
1492,0,0,1,54
1493,1,1,1,109
1494,1,1,0,68
1495,1,0,0,43
1496,1,0,0,69
1497,0,0,1,80
1498,0,0,1,45
1499,1,1,1,110
1500,1,1,1,107
1501,0,0,1,57
1502,0,0,1,48
1503,1,0,0,40
1504,1,1,0,93
1505,0,0,1,44
1506,1,1,0,76
1507,1,0,0,39
1508,1,1,0,5
1509,1,0,0,53
1510,1,0,0,48
1511,1,0,1,78
1512,1,0,0,61
1513,1,1,0,61
1514,1,1,1,105
1515,0,1,0,120
1516,1,0,0,65
1517,1,0,0,37
1518,1,0,0,69
1519,1,0,0,37
1520,1,0,1,76
1521,1,1,1,102
1522,1,1,1,108
1523,0,0,1,80
1524,1,0,0,48
1525,0,0,1,58
1526,1,0,0,66
1527,1,0,0,42
1528,1,0,0,39
1529,0,0,1,40
1530,0,0,1,45
1531,1,0,0,49
1532,0,0,1,53
1533,0,0,1,57
1534,1,1,0,70
1535,1,1,0,69
1536,1,1,1,116
1537,0,1,1,95
1538,1,1,1,103
1539,1,1,0,25
1540,1,0,0,63
1541,0,0,1,58
1542,0,0,0,109
1543,1,1,1,108
1544,1,1,1,100
1545,1,0,0,44
1546,1,0,0,70
1547,0,0,1,40
1548,0,0,1,45
1549,1,1,0,44
1550,1,1,0,1
1551,0,0,1,58
1552,0,0,1,49
1553,0,1,1,41
1554,1,1,1,118
1555,0,0,1,44
1556,1,1,1,99
1557,1,0,0,40
1558,1,1,0,8
1559,1,0,0,54
1560,1,0,0,49
1561,1,0,1,79
1562,1,0,0,62
1563,1,1,0,10
1564,0,1,0,120
1565,1,1,0,23
1566,1,0,0,66
1567,1,0,0,38
1568,1,0,0,70
1569,1,0,0,38
1570,0,1,1,77
1571,1,1,0,28
1572,1,1,1,116
1573,0,0,1,40
1574,1,0,0,49
1575,0,0,1,58
1576,1,0,0,67
1577,1,0,0,43
1578,1,0,0,40
1579,0,0,1,41
1580,0,0,1,45
1581,1,1,1,50
1582,0,0,1,54
1583,0,0,1,58
1584,1,1,0,39
1585,1,1,0,2
1586,1,1,1,99
1587,0,0,1,48
1588,1,1,0,25
1589,1,1,1,117
1590,1,0,0,64
1591,0,0,1,58
1592,0,0,1,55
1593,1,1,0,43
1594,1,1,0,19
1595,1,0,0,45
1596,1,0,1,71
1597,0,0,1,41
1598,0,1,1,92
1599,1,1,1,97
1600,1,1,0,71
1601,0,0,1,58
1602,0,1,1,99
1603,1,0,0,42
1604,1,1,1,97
1605,0,0,1,45
1606,1,1,0,63
1607,0,1,1,41
1608,1,1,1,117
1609,1,0,0,55
1610,1,1,1,50
1611,0,0,1,80
1612,1,0,0,63
1613,1,1,0,29
1614,1,1,0,28
1615,1,1,0,12
1616,1,0,0,67
1617,1,0,0,39
1618,1,0,1,71
1619,1,0,0,39
1620,1,0,1,78
1621,1,1,0,57
1622,1,1,0,34
1623,0,0,1,41
1624,1,1,1,50
1625,0,0,1,59
1626,0,1,1,68
1627,1,0,0,44
1628,0,1,1,41
1629,0,0,1,41
1630,0,1,1,92
1631,1,0,0,51
1632,0,0,0,109
1633,0,0,1,58
1634,1,1,0,2
1635,1,1,0,51
1636,1,1,0,62
1637,0,0,1,48
1638,1,1,0,69
1639,1,1,0,41
1640,1,0,0,65
1641,0,0,1,59
1642,0,0,1,55
1643,1,1,0,76
1644,1,1,1,113
1645,1,0,0,46
1646,1,0,1,72
1647,0,0,1,41
1648,0,0,1,46
1649,1,1,0,26
1650,0,1,0,120
1651,0,0,1,59
1652,0,0,1,50
1653,1,0,0,43
1654,1,1,0,87
1655,0,0,1,45
1656,0,1,0,120
1657,1,0,0,42
1658,1,1,0,88
1659,1,0,0,56
1660,1,0,0,51
1661,0,0,1,40
1662,1,0,0,64
1663,1,1,0,42
1664,1,1,0,2
1665,1,1,0,27
1666,0,1,1,68
1667,1,0,0,40
1668,1,0,1,72
1669,1,0,0,40
1670,1,0,1,79
1671,1,1,0,43
1672,1,1,0,73
1673,0,0,1,41
1674,1,0,0,51
1675,0,0,1,59
1676,1,0,0,69
1677,1,0,0,45
1678,1,0,0,42
1679,0,0,1,42
1680,0,0,1,46
1681,1,0,0,52
1682,0,0,1,55
1683,0,0,1,59
1684,1,1,0,72
1685,1,1,0,42
1686,1,1,0,23
1687,0,0,1,49
1688,1,1,0,35
1689,1,1,0,96
1690,1,0,0,66
1691,0,0,1,59
1692,0,0,1,56
1693,1,1,0,52
1694,1,1,1,105
1695,1,0,0,47
1696,1,0,1,73
1697,0,0,1,42
1698,0,0,0,94
1699,1,1,0,4
1700,1,1,1,107
1701,0,0,1,59
1702,0,0,1,50
1703,1,0,0,44
1704,1,1,1,118
1705,0,1,1,92
1706,1,1,0,89
1707,1,0,0,43
1708,1,1,0,31
1709,1,0,0,57
1710,1,0,0,52
1711,0,0,1,41
1712,1,0,0,65
1713,1,1,0,84
1714,1,1,1,111
1715,1,1,0,63
1716,1,0,0,69
1717,0,1,1,41
1718,1,0,1,73
1719,0,1,1,41
1720,0,0,1,80
1721,1,1,0,95
1722,1,1,1,111
1723,0,0,1,42
1724,1,0,0,52
1725,0,1,0,120
1726,1,0,0,70
1727,1,0,0,46
1728,1,0,0,43
1729,1,0,1,85
1730,0,0,0,94
1731,1,0,0,53
1732,0,0,1,55
1733,0,0,1,59
1734,0,1,0,120
1735,1,1,0,40
1736,1,1,0,57
1737,0,1,1,99
1738,1,1,0,67
1739,1,1,0,86
1740,1,0,0,67
1741,0,1,0,120
1742,1,1,1,113
1743,1,1,0,11
1744,1,1,0,51
1745,1,0,0,48
1746,1,0,1,74
1747,1,0,1,85
1748,0,1,1,95
1749,1,1,1,118
1750,1,1,0,29
1751,0,1,0,120
1752,0,0,1,51
1753,1,0,0,45
1754,0,1,0,120
1755,0,0,1,46
1756,1,1,0,39
1757,1,0,0,44
1758,0,1,0,120
1759,1,0,0,58
1760,1,0,0,53
1761,0,0,1,41
1762,1,0,0,66
1763,0,1,0,120
1764,1,1,0,25
1765,1,1,1,119
1766,1,0,0,70
1767,1,0,0,42
1768,1,0,1,74
1769,1,0,0,42
1770,0,0,1,40
1771,0,1,0,120
1772,0,1,0,120
1773,1,0,1,85
1774,1,0,0,53
1775,1,1,0,62
1776,1,0,1,71
1777,1,0,0,47
1778,1,0,0,44
1779,0,1,1,86
1780,0,1,1,95
1781,1,0,0,54
1782,0,0,1,56
1783,0,1,0,120
1784,1,1,0,11
1785,0,1,0,120
1786,0,1,0,120
1787,0,0,1,50
1788,0,1,0,120
1789,1,1,0,57
1790,0,1,1,68
1791,1,1,0,13
1792,0,0,1,57
1793,0,1,0,120
1794,0,1,0,120
1795,1,0,0,49
1796,1,0,1,75
1797,0,1,1,86
1798,0,0,1,48
1799,0,1,0,120
1800,1,1,0,72
1801,1,1,0,54
1802,0,0,1,51
1803,1,0,0,46
1804,1,1,0,2
1805,0,0,0,94
1806,1,1,1,111
1807,1,0,0,45
1808,1,1,0,92
1809,0,1,0,59
1810,1,0,0,54
1811,0,0,1,42
1812,1,0,0,67
1813,1,1,0,12
1814,1,1,0,79
1815,1,1,0,5
1816,1,0,1,71
1817,1,0,0,43
1818,1,0,1,75
1819,1,0,0,43
1820,0,0,1,41
1821,1,1,0,79
1822,1,1,0,20
1823,0,1,1,86
1824,1,0,0,54
1825,1,1,1,117
1826,1,0,1,72
1827,1,0,0,48
1828,1,0,0,45
1829,0,0,1,43
1830,0,0,1,48
1831,1,0,0,55
1832,1,1,1,113
1833,1,1,0,65
1834,1,1,0,32
1835,1,1,0,72
1836,1,1,1,104
1837,0,0,1,50
1838,1,1,0,25
1839,0,1,0,120
1840,1,0,0,69
1841,1,1,0,85
1842,0,0,1,57
1843,1,1,1,99
1844,1,1,1,119
1845,1,1,1,50
1846,1,0,1,76
1847,0,0,1,43
1848,0,0,1,48
1849,1,1,0,25
1850,1,1,1,97
1851,1,1,0,76
1852,0,1,1,104
1853,1,0,0,47
1854,1,1,0,21
1855,0,1,1,95
1856,1,1,0,79
1857,1,0,0,46
1858,1,1,0,74
1859,1,0,0,60
1860,1,0,0,55
1861,1,0,1,85
1862,0,1,1,68
1863,1,1,0,69
1864,1,1,0,16
1865,0,1,0,120
1866,1,0,1,72
1867,1,0,0,44
1868,1,0,1,76
1869,1,0,0,44
1870,0,0,1,41
1871,1,1,1,119
1872,1,1,0,74
1873,0,0,1,43
1874,1,0,0,55
1875,1,1,0,7
1876,1,0,1,73
1877,1,0,0,49
1878,1,0,0,46
1879,0,0,1,44
1880,0,0,1,48
1881,1,0,0,56
1882,0,0,1,57
1883,1,1,0,65
1884,1,1,1,117
1885,1,1,0,62
1886,1,1,1,119
1887,0,0,1,51
1888,1,1,0,42
1889,1,1,0,62
1890,1,0,0,70
1891,1,1,1,115
1892,0,0,1,58
1893,1,1,0,72
1894,1,1,0,66
1895,1,0,0,51
1896,0,1,1,77
1897,0,0,1,44
1898,0,0,1,49
1899,1,1,0,96
1900,1,1,0,4
1901,1,1,1,115
1902,0,0,1,52
1903,1,0,0,48
1904,1,1,0,50
1905,0,0,1,48
1906,1,1,0,14
1907,1,0,0,47
1908,1,1,0,47
1909,1,0,0,61
1910,1,0,0,56
1911,0,1,1,86
1912,1,0,0,69
1913,1,1,0,54
1914,0,1,0,120
1915,1,1,0,1
1916,1,0,1,73
1917,1,0,0,45
1918,0,1,1,77
1919,1,0,0,45
1920,0,0,1,42
1921,1,1,0,22
1922,1,1,0,33
1923,0,0,1,44
1924,1,0,0,56
1925,1,1,0,89
1926,1,0,1,74
1927,1,1,1,50
1928,1,0,0,47
1929,0,0,1,44
1930,0,0,1,49
1931,1,0,0,57
1932,0,0,1,57
1933,1,1,0,21
1934,1,1,0,32
1935,1,1,0,24
1936,1,1,0,34
1937,0,0,1,51
1938,1,1,1,109
1939,1,1,0,44
1940,1,0,1,71
1941,1,1,0,56
1942,0,0,1,58
1943,1,1,1,119
1944,1,1,0,78
1945,1,0,0,52
1946,1,0,1,78
1947,0,0,1,44
1948,0,1,1,99
1949,1,1,0,71
1950,1,1,0,15
1951,1,1,0,23
1952,0,1,1,106
1953,1,0,0,49
1954,1,1,1,107
1955,0,0,1,48
1956,1,1,0,2
1957,1,0,0,48
1958,1,1,0,74
1959,1,0,0,62
1960,1,0,0,57
1961,0,0,1,43
1962,1,0,0,70
1963,1,1,0,11
1964,1,1,1,114
1965,1,1,0,13
1966,1,0,1,74
1967,1,0,0,46
1968,1,0,1,78
1969,1,0,0,46
1970,1,0,1,85
1971,1,1,1,106
1972,1,1,0,60
1973,0,0,1,44
1974,1,0,0,57
1975,1,1,0,73
1976,1,0,1,75
1977,1,0,0,51
1978,1,0,0,48
1979,0,0,1,45
1980,0,1,1,99
1981,1,0,0,58
1982,0,0,1,58
1983,1,1,0,89
1984,1,1,0,49
1985,1,1,0,82
1986,1,1,1,108
1987,0,1,1,104
1988,1,1,0,57
1989,1,1,1,119
1990,1,0,1,72
1991,1,1,1,99
1992,0,0,1,59
1993,1,1,0,6
1994,1,1,0,7
1995,1,0,0,53
1996,1,0,1,79
1997,0,0,1,45
1998,0,0,1,50
1999,1,1,0,4
2000,0,1,0,120
